,output
8001,3.8359898332196014
8002,3.1046086890655484
8003,3.5079833649737786
8004,4.300503688956098
8005,3.3627264920898376
8006,3.7774522408259745
8007,3.911537152960838
8008,4.726371202109048
8009,3.9911008802792036
8010,3.120859022392507
8011,3.3875389318956266
8012,3.6777770765218456
8013,4.278007280328348
8014,3.873916145516958
8015,3.799898290407384
8016,4.396871944572657
8017,3.5989992776279376
8018,4.342888954511828
8019,3.9567378637762083
8020,3.739703360852255
8021,4.068222320259689
8022,3.9420328158325013
8023,4.014266201842149
8024,3.6547195823442085
8025,3.696688567081088
8026,4.055838813728375
8027,4.041084162391249
8028,4.058796246445102
8029,4.04336220439871
8030,4.18466804305049
8031,3.5038235214230546
8032,3.96091684957649
8033,4.34770558334087
8034,3.401031553222383
8035,3.4703842957866833
8036,4.329474318359415
8037,4.074947159101072
8038,4.191767081779355
8039,3.8450903888778356
8040,4.327621747737595
8041,4.5241435613936964
8042,3.7084042244624413
8043,3.9112129065713113
8044,4.144230228103817
8045,4.2453678668026065
8046,4.1121694033724
8047,4.505078683921871
8048,4.01107087887185
8049,3.8958153756340597
8050,4.423694236390926
8051,2.7895265564461162
8052,4.108719625898853
8053,3.2722734289033415
8054,3.7390486576079436
8055,4.2080625432718595
8056,3.4281173579492563
8057,3.770594179419403
8058,3.3278509874728037
8059,3.4162351149048753
8060,4.302078877886478
8061,3.314062725461355
8062,3.454839404041934
8063,2.923968126969953
8064,4.281360863152461
8065,3.957586706639928
8066,4.33926972881687
8067,3.740025052402613
8068,3.913447470453324
8069,3.666580263493989
8070,3.5942174666328217
8071,3.5434246967815497
8072,3.4623604406841935
8073,3.991550638854397
8074,3.836972626978966
8075,3.2346139632308795
8076,3.9803540859516477
8077,3.558327475999585
8078,3.0849932802667315
8079,4.6250302029623676
8080,3.923794937306864
8081,4.1560962446857594
8082,3.919552595447243
8083,4.354716875110432
8084,4.157954361365164
8085,4.351800908955003
8086,3.916809024015784
8087,4.190280486840578
8088,3.869475776813749
8089,3.3801735569607168
8090,3.580980451562228
8091,4.175167599616131
8092,3.3895288945830373
8093,4.400868483941293
8094,4.264871039171956
8095,4.896522629632255
8096,3.613629528032696
8097,4.312317509850795
8098,3.9612020668908468
8099,4.122510516444768
8100,4.152909073345224
8101,4.137713942977431
8102,4.199507093622399
8103,3.435490173827029
8104,4.504442686056777
8105,3.8140109018603177
8106,4.026739276233309
8107,4.279945945271431
8108,4.000471042293707
8109,4.04034990338846
8110,3.750103147885902
8111,4.274066137401842
8112,3.410049090189796
8113,3.784676467174064
8114,3.0961910597378868
8115,4.139731241971347
8116,3.925485499613643
8117,3.639282151720943
8118,4.019975796779125
8119,3.7246452010063287
8120,4.393282149981307
8121,3.485353929881624
8122,4.396193426822633
8123,3.9520482427203607
8124,2.2671284279915973
8125,4.230548196453595
8126,4.4735030316934985
8127,2.839859281926744
8128,3.9944968403916885
8129,3.7078220998864957
8130,3.956616861244168
8131,3.9951289540066988
8132,4.3653471805004855
8133,4.095651334919854
8134,4.031945782681758
8135,4.158842993690932
8136,4.194134648606786
8137,4.086983786319898
8138,3.5002130829968436
8139,3.814090076754498
8140,3.530702299067526
8141,4.078484107481218
8142,3.967876929168641
8143,3.900282715888645
8144,3.633966815561182
8145,4.113064692830042
8146,2.7388462507713722
8147,3.858777961788311
8148,3.009061119767395
8149,3.4279716617769864
8150,3.7573015967587953
8151,3.1109807733572676
8152,4.0263537731417784
8153,3.8907265288584103
8154,3.9352196938437434
8155,3.96500371265517
8156,3.710322461667639
8157,2.164380149972132
8158,3.411867493213686
8159,4.016538606379502
8160,3.9639368995991937
8161,3.7412486242280583
8162,3.8922502543112003
8163,3.7812477034726317
8164,3.958186874939333
8165,4.037876665143676
8166,4.312144835751518
8167,3.775911189078853
8168,3.3853889287637298
8169,3.6400605193669993
8170,3.839724362630111
8171,3.706431030196219
8172,3.7515099410916886
8173,3.448447447474347
8174,3.877968297076057
8175,3.840305104568513
8176,4.1200464913947386
8177,3.14234822785275
8178,4.195857746265041
8179,4.151636757333611
8180,3.451121034581128
8181,3.984569499519477
8182,3.9261458559372766
8183,3.663433531676114
8184,3.749071260432478
8185,3.6804381252790446
8186,3.6963061180641024
8187,4.206956278521622
8188,3.681413881916521
8189,3.9831119955132515
8190,4.135611409717756
8191,4.088283109130822
8192,3.846745616293779
8193,3.7824221818276484
8194,3.899447899603656
8195,4.503150117692327
8196,3.514155458159607
8197,3.850763004857681
8198,4.0836587989345094
8199,4.1822427623105
8200,4.833350747795995
8201,3.4775727548406827
8202,4.386261411509853
8203,3.8118852152101574
8204,3.892186882913851
8205,4.147947917739144
8206,4.128999483459786
8207,3.959506031017755
8208,3.778354657569434
8209,3.38250451076534
8210,3.8241921178419958
8211,3.6715479535810545
8212,4.262159920517318
8213,4.505351033331181
8214,4.143770072822733
8215,3.5618474007591754
8216,3.572660111506284
8217,3.6143111807057586
8218,3.723055301064301
8219,3.9027138307355163
8220,4.190964911512946
8221,4.6776355322875816
8222,3.7345319393712337
8223,3.336229307097682
8224,4.105558556491351
8225,4.278846217261913
8226,3.65571397077888
8227,4.4349542188720825
8228,3.703228906661554
8229,4.20882246244811
8230,3.646796079520332
8231,3.819999855950556
8232,4.003888191882714
8233,3.77400534647367
8234,3.8750340548695448
8235,3.8019910216591537
8236,3.3936639809886966
8237,3.6469504124647507
8238,4.108431401675331
8239,2.539098657382892
8240,3.506871029593082
8241,3.228124529549291
8242,3.9308549663267485
8243,4.537705321464836
8244,3.7832408970448554
8245,3.475787092089698
8246,3.841945370148272
8247,4.048752709321786
8248,4.063644297713342
8249,4.272053553500561
8250,4.182479145402153
8251,4.008116373686088
8252,4.513368633229236
8253,3.814664931213919
8254,3.1391224032943175
8255,3.66037203682237
8256,3.6500136179259055
8257,3.689615392771133
8258,3.0338431844542235
8259,3.9899650026372253
8260,4.152959750064996
8261,4.516874390583721
8262,3.5223339203387436
8263,3.866572781185937
8264,3.9973839994136124
8265,4.36903665025636
8266,3.2784531061393913
8267,3.760883267441791
8268,4.055381835343908
8269,2.957548482864926
8270,3.5279606087154995
8271,3.243830668520987
8272,4.1659391902028435
8273,2.808061792835762
8274,3.8461647111044766
8275,4.195167853052785
8276,4.425815195787445
8277,4.113099155590904
8278,3.8493045221406526
8279,3.629292028836341
8280,4.37225297325511
8281,4.171366445115366
8282,4.1573889754390745
8283,4.138898121907291
8284,4.121330929100868
8285,4.093909221712067
8286,2.1272082876486813
8287,4.467464226621566
8288,3.951323070238317
8289,3.8765025561696866
8290,3.8695566104904984
8291,4.373163609226795
8292,4.110155465619647
8293,3.7454791186813967
8294,4.549103843561259
8295,3.34942134944078
8296,3.9016365654338987
8297,3.6694823574661637
8298,3.6385727221925297
8299,3.1075907627099078
8300,3.5366942620717214
8301,3.8827098871603543
8302,4.419626528284416
8303,3.375349621987219
8304,4.001885994018059
8305,4.156665657703863
8306,4.7925913343610205
8307,3.7369765176460703
8308,4.130887693873413
8309,3.9298005503891833
8310,3.6274452509753505
8311,4.361789371273275
8312,4.288193085289434
8313,4.003048917885389
8314,3.165580370660816
8315,3.892657982722284
8316,3.8333344443956126
8317,3.7248320016632928
8318,4.069966687318123
8319,3.337191566453244
8320,3.9421905489257654
8321,4.159930137439204
8322,4.299314582197795
8323,4.134938177222624
8324,3.712207093348951
8325,3.9666701009315677
8326,4.337493909117935
8327,3.5089665293650274
8328,4.102649354089412
8329,3.514650533987295
8330,4.294497426767087
8331,4.627239567159684
8332,3.419352180740285
8333,3.77680216057348
8334,3.9897470830590045
8335,3.7078901438843666
8336,3.859086824473666
8337,3.630032209936891
8338,4.419642178475463
8339,3.7568065376159208
8340,3.4000634261952634
8341,4.111471616463627
8342,3.783527122131865
8343,3.106721585471888
8344,4.152915633353196
8345,3.8235831086172016
8346,3.758035961092663
8347,3.4136319512752955
8348,4.096286701509911
8349,3.904517481014432
8350,3.325390651844957
8351,3.952793241349678
8352,3.7611570159384495
8353,3.411340204389914
8354,4.324117509038578
8355,3.41633888554375
8356,3.949673203576099
8357,3.4774223695586635
8358,3.9662601733526177
8359,4.007333590527679
8360,3.886541134575179
8361,3.5264126989488123
8362,3.9434853051183882
8363,3.625708727171407
8364,2.8849887612624805
8365,3.9197907764046125
8366,3.6136287979068857
8367,3.9228264388641065
8368,3.8782844928697706
8369,3.0372097633724717
8370,3.174935583419641
8371,4.246788639148951
8372,3.5256310118219183
8373,2.92963040765261
8374,3.3071444505459606
8375,4.406059333098408
8376,4.608560584248293
8377,4.153639556545793
8378,3.5297601675557377
8379,4.324630921083477
8380,3.742888847365702
8381,4.357943802315511
8382,3.6960261143385846
8383,4.414736684928627
8384,3.4379988631719574
8385,3.980257024036346
8386,4.376937646296769
8387,3.9361314017970326
8388,4.130508632284808
8389,3.708361957597093
8390,4.220551484968091
8391,3.5026591024594413
8392,3.365307311102157
8393,3.9277391289561105
8394,4.124689393695046
8395,4.271205938231031
8396,3.4504952387025316
8397,4.053731602605049
8398,3.6516686220990504
8399,4.40594243369214
8400,4.248023187625915
8401,3.881117404896962
8402,3.7168598874618155
8403,4.398609349827803
8404,4.096448917270235
8405,4.562546480561192
8406,4.0572888390778274
8407,3.803103280017499
8408,4.419423071114579
8409,3.9275275001350103
8410,3.9609328525564536
8411,4.1386169887673105
8412,3.1552953335380707
8413,3.9798038413874597
8414,4.180651476939408
8415,3.592132932655666
8416,4.000808387488439
8417,3.860602333726355
8418,4.23278433407504
8419,3.340295898895464
8420,3.9609664824651354
8421,3.677651984104008
8422,3.7558236920092387
8423,3.9773142538877675
8424,3.1983966124004226
8425,3.722344301094534
8426,4.134667174623033
8427,3.6177610781932987
8428,4.318596104229149
8429,4.03451309970276
8430,4.325155291849439
8431,3.81198276618489
8432,3.9982128028406407
8433,4.046119314757597
8434,4.473593920320148
8435,3.835298150505574
8436,3.3748650538683957
8437,4.05090342856499
8438,3.83498727641949
8439,3.4316596623922404
8440,3.0359757699860044
8441,4.2305961643267445
8442,3.537157078154287
8443,4.259423235194355
8444,3.971623126606511
8445,2.3127466970301818
8446,3.848594164831022
8447,3.4764826590259084
8448,3.605850288235457
8449,3.8614669880645263
8450,3.517188582066403
8451,3.1465084562321533
8452,3.603020781720147
8453,4.310222152923039
8454,3.90127745517324
8455,3.7990102446426874
8456,3.881108112994724
8457,3.7632883976106015
8458,4.092369924940932
8459,4.6388573995015445
8460,3.7581995912032795
8461,3.4028747534424664
8462,3.8120547140373624
8463,3.974932752078473
8464,3.3174167052949475
8465,3.4888420386976424
8466,4.514782592754454
8467,3.043391170254015
8468,3.6795454511388055
8469,4.240640258394135
8470,3.660614473991922
8471,3.614747770103568
8472,3.963266107402232
8473,3.940548747988391
8474,4.005600923681923
8475,3.9060850114521184
8476,4.209642489044306
8477,4.188540753646246
8478,3.8730725214309256
8479,4.145810075834307
8480,3.4263823535498563
8481,4.040775485011197
8482,3.7829700483864652
8483,3.5523842505684247
8484,4.355083786194651
8485,3.862127205248644
8486,4.831990886598261
8487,3.6822066663080797
8488,3.9685200570123182
8489,4.386194679871535
8490,4.000338645493269
8491,3.6022572416638354
8492,4.368338609524166
8493,4.147760105116561
8494,3.817004328721625
8495,4.232744187350216
8496,4.693451772730313
8497,3.2592869291989537
8498,3.5571244423758586
8499,4.204206758507514
8500,3.667945887653069
8501,3.7134102377875458
8502,3.174431718873098
8503,3.796425162916666
8504,3.5438566211484073
8505,3.026195696837954
8506,3.8799339431517357
8507,4.284058226461097
8508,3.656074943141931
8509,4.6537888185700655
8510,3.979107088501179
8511,3.997851009566597
8512,4.251296322283828
8513,4.0590857220211305
8514,4.200248393015576
8515,3.6359048565898213
8516,3.6528970699632914
8517,3.3551075319738874
8518,2.8378985870452667
8519,3.9964936185404873
8520,4.184643362078848
8521,3.860246885923999
8522,3.3828390053058914
8523,3.779272062732746
8524,3.719089122968656
8525,3.9040477170277494
8526,4.271793946730574
8527,2.283001942796325
8528,3.6383157778147552
8529,3.6899663945812424
8530,4.371326730995831
8531,3.4937382657055664
8532,4.0078069494122435
8533,3.756056396566292
8534,4.199590294575442
8535,4.108838553050413
8536,3.8639829722757533
8537,3.524310309319544
8538,3.7283131670206693
8539,4.023968882415431
8540,3.984462045812286
8541,4.3288283077618335
8542,3.34007671204602
8543,3.8883521024867704
8544,3.800540718232295
8545,4.425535550853274
8546,3.945877386370997
8547,3.9599177495467934
8548,4.078482520261536
8549,3.223339350360746
8550,3.903194683634686
8551,4.23032266438341
8552,4.2736552612795435
8553,4.304573014209719
8554,3.7319891515725097
8555,4.324919320185497
8556,3.7477207341443783
8557,3.7147770972256318
8558,3.3829243050080944
8559,3.6416538730485772
8560,1.8430023779847104
8561,4.068156191255916
8562,4.528112279475813
8563,3.4886814564377566
8564,3.838120060957449
8565,4.00438494544669
8566,4.176796999998881
8567,4.2615312498082965
8568,3.1750548522031856
8569,2.952460027218123
8570,4.195856994576305
8571,4.091231925215817
8572,3.0026864748860156
8573,2.6565330618917233
8574,3.609204925286841
8575,3.9265139574083445
8576,3.8013490618908143
8577,4.005551719254113
8578,3.8946926336291536
8579,3.9411145661355533
8580,4.428539000325619
8581,3.65843486014899
8582,3.8889826170260093
8583,4.21707326988385
8584,3.6711491235061455
8585,3.725346176821734
8586,4.214941330404855
8587,3.7337736287987067
8588,4.470910520026344
8589,4.4382575765374686
8590,4.025307077497022
8591,4.322679739564579
8592,4.001519369523589
8593,3.8111653477081457
8594,3.9555079285811594
8595,2.94164776538325
8596,4.091440700428182
8597,3.8964682599981177
8598,3.7639832425271376
8599,3.8422532091819956
8600,3.8610939191493756
8601,3.3767691616772932
8602,3.4405323554700704
8603,3.6246155324282583
8604,3.7980640372934253
8605,3.3860501490608783
8606,3.7713716645399735
8607,4.0451421745121685
8608,3.8593747108339667
8609,4.369404045716163
8610,3.043715690095386
8611,4.691511264613569
8612,3.8107965998505673
8613,3.6212590329677212
8614,3.9685961016379014
8615,4.343287908108472
8616,4.360687391333119
8617,3.536664086305274
8618,3.5322856604672417
8619,4.064795948063312
8620,4.171280214768185
8621,2.8428633175406137
8622,4.3502779366857105
8623,4.4219017208494265
8624,3.4084869774941033
8625,3.250595156283799
8626,4.127209217948312
8627,4.420063356126393
8628,3.839493469007479
8629,4.02390164572463
8630,4.18523113119444
8631,3.938683681515327
8632,3.2486748602761537
8633,3.831692447859419
8634,3.815751065721189
8635,3.6059352988790554
8636,3.883775738258672
8637,3.4653290149933405
8638,4.352785617773705
8639,3.531807791267825
8640,3.285978328234398
8641,4.184887799764452
8642,3.4716226271885677
8643,4.027685823848884
8644,4.744698578302378
8645,3.6842547574291213
8646,3.756769077623421
8647,3.453728826743614
8648,4.0148475928246015
8649,4.655565813091322
8650,3.4937328378389836
8651,4.391444614251277
8652,3.076898089960171
8653,3.9101291466027384
8654,4.148347766859644
8655,3.063742676087333
8656,3.890771462322192
8657,4.271942448113535
8658,2.9924881466119473
8659,3.404088823219075
8660,4.269158477462179
8661,4.2156597245756355
8662,3.7927975176415494
8663,3.897642564100483
8664,3.426902036888963
8665,3.89001871181744
8666,4.230765821505704
8667,4.547313295348356
8668,3.750026422794745
8669,3.65555292999718
8670,3.8196473768155297
8671,3.921187427466748
8672,4.1899575868605705
8673,1.5811790334575448
8674,4.352412612451607
8675,3.5637454419115695
8676,3.936923350565868
8677,3.854045008564423
8678,3.782076416566259
8679,4.066004780803578
8680,3.2302542083083257
8681,3.4000026778556336
8682,4.002885533137578
8683,3.842000704888296
8684,4.031978068000862
8685,3.65984366010564
8686,4.2736634776189515
8687,4.31267546090702
8688,4.264855851944514
8689,4.169137798742383
8690,4.082647426775422
8691,4.2551357372826555
8692,4.009941281245984
8693,3.857928384454432
8694,3.4223866415901387
8695,3.7508001862157325
8696,3.961792323981255
8697,4.076982873127287
8698,3.959720255902324
8699,4.000049367143264
8700,4.042645372030112
8701,4.211640641395883
8702,3.704764739086709
8703,3.965455327352558
8704,3.869405094462836
8705,3.4755057299224337
8706,3.504072977508862
8707,4.165909740985439
8708,4.110294245327719
8709,3.686557507888237
8710,3.9652171761065382
8711,3.883724869702343
8712,4.117138469973742
8713,4.15247856459062
8714,3.6526333362334604
8715,4.132566486920146
8716,3.973137754067583
8717,4.092815231662371
8718,3.571816730446532
8719,4.414819057096922
8720,3.5802891050360177
8721,3.3454675418467943
8722,3.9118258322908552
8723,3.243548289036493
8724,4.27962395970995
8725,3.084366979116691
8726,3.8205759073413095
8727,4.1592216108222075
8728,3.7996870236792972
8729,4.586606281508958
8730,3.0585024882250185
8731,3.9710792175681036
8732,3.8573351196536088
8733,4.363328072500362
8734,3.595526868232941
8735,4.058569587286856
8736,3.1328677395876436
8737,4.431866443147559
8738,4.220976797021681
8739,4.19468789609426
8740,3.6363987881317534
8741,3.6228759965019854
8742,3.7981135589427932
8743,3.803405472619204
8744,3.4131129290161546
8745,3.739235755166506
8746,4.210899833122751
8747,4.165579449803813
8748,3.835687074057345
8749,3.9218029470392803
8750,3.9573021024582467
8751,4.369853487362079
8752,3.460577010879227
8753,4.084189150040475
8754,3.8033923058892025
8755,4.072632285476418
8756,2.6407847010504533
8757,4.029028076622577
8758,3.846542289880194
8759,4.358785765190637
8760,3.431060742680879
8761,3.5991852742728447
8762,2.831656781287876
8763,3.859161555626935
8764,3.8035435574115617
8765,3.7075933798640666
8766,4.236652229715874
8767,3.5760765882196797
8768,3.892347706398077
8769,3.987824731444798
8770,4.0193702195513215
8771,4.591488726053294
8772,3.8058396082145087
8773,3.796481889826989
8774,3.737439305560258
8775,3.8747576558685175
8776,4.253955671342437
8777,3.8951775897344305
8778,3.6950440222429553
8779,3.4378801954895746
8780,3.6995293155320432
8781,3.259832092378547
8782,4.624530215497481
8783,4.255729144881315
8784,4.20735798682605
8785,4.244430793539079
8786,4.076276093761756
8787,3.3070273086498947
8788,3.8446807448194225
8789,3.859006644292135
8790,4.171215111143498
8791,3.0006252726227967
8792,1.9748955179445549
8793,4.140628682445881
8794,4.141429447836055
8795,4.1434092725973315
8796,4.330512752681939
8797,3.2977923699178575
8798,3.935780546606013
8799,4.305541939359566
8800,3.5881338999678256
8801,3.868524473151016
8802,1.6168713208198913
8803,3.6749612628693047
8804,2.2579908238411814
8805,3.7100168937562756
8806,4.087797677150171
8807,3.9713329127110253
8808,4.405735642381799
8809,3.6403976971261756
8810,4.2434381852519305
8811,3.0529866578554135
8812,4.0304566495197385
8813,4.60715039269774
8814,3.6545532291330005
8815,4.617426527795601
8816,3.315568458457154
8817,3.6045139953912777
8818,2.0481036741405045
8819,3.6771830023633445
8820,3.166509953541116
8821,4.10575846078121
8822,3.420056869364622
8823,3.9052323335692414
8824,3.973164768511328
8825,3.5742082012262824
8826,3.5680883731128414
8827,3.920021319401876
8828,3.96122954156756
8829,3.239223934219458
8830,3.391726790653104
8831,4.920853941777077
8832,3.343643672603527
8833,4.096757129734428
8834,3.3691224430718734
8835,3.978572827905735
8836,3.506135321073222
8837,4.128734107203581
8838,3.933697066036027
8839,3.2946117642771835
8840,4.069078992845245
8841,4.3268918528978695
8842,4.574052563109383
8843,4.165537302418874
8844,4.308719579172342
8845,4.428827754439524
8846,4.232219446803752
8847,3.386891473492062
8848,3.613094175638455
8849,3.2697378838037885
8850,3.0242513133654363
8851,4.064018454734107
8852,3.4144030180100167
8853,3.9198644897870487
8854,3.947831011517806
8855,2.7487331020575603
8856,3.5924566972731764
8857,4.022116791126271
8858,3.5165855226252525
8859,3.6655075033207947
8860,3.1899245493528614
8861,3.468828937756628
8862,3.6709988095732413
8863,3.912793846575642
8864,3.915268580753345
8865,4.212920725685146
8866,3.851399996732292
8867,3.60147731125023
8868,4.223361844588972
8869,3.4685067101475653
8870,4.195966140016617
8871,3.953224504987949
8872,4.185970753181643
8873,3.5867453954434616
8874,3.3331018068520546
8875,3.575275293238656
8876,3.549750484646811
8877,4.323735301703017
8878,4.511742814007395
8879,3.847154972756602
8880,3.8909635676091874
8881,3.9069506030378047
8882,3.586703780596725
8883,2.7236824235417263
8884,3.519878544161285
8885,4.05665586844226
8886,3.6254155555611547
8887,4.106022035508287
8888,4.6443627629470825
8889,3.5885946732488243
8890,4.359479201778317
8891,4.028822462275803
8892,3.6767090181110405
8893,3.6454965380893665
8894,3.71376753605427
8895,4.9802129815510465
8896,4.22520777530417
8897,4.001885554759804
8898,3.525844357768241
8899,4.334812711154701
8900,3.548743436422253
8901,4.294958260812537
8902,3.6340159212088725
8903,3.6958070617695586
8904,3.583794436043025
8905,3.5623108855324883
8906,3.3810289987964772
8907,4.078233952804766
8908,1.9443497313130482
8909,4.048699295038926
8910,4.039977536825896
8911,4.121663965482339
8912,4.567617332766991
8913,4.171105331865455
8914,3.7977841037706757
8915,4.381607581333046
8916,3.804881533493571
8917,3.247648761984065
8918,4.4301171774618275
8919,4.192492255150604
8920,3.5867328976722064
8921,3.4954102695250917
8922,4.289522739976531
8923,3.806975924211862
8924,3.9528808851823403
8925,3.5128942054242973
8926,3.844686199462954
8927,4.0316869553786905
8928,3.2997230680566325
8929,4.1099519680781444
8930,3.2429278735510216
8931,3.6365782641090387
8932,4.031014015321295
8933,3.129643323334273
8934,3.745094065119611
8935,3.562298229562213
8936,3.689805637673599
8937,3.2408996660611447
8938,3.828606331484819
8939,3.2552613717289667
8940,3.900562730862797
8941,3.3560195367061034
8942,3.7654472856933427
8943,3.66474624144605
8944,3.409438336744179
8945,3.8014350092930034
8946,4.152958383882826
8947,3.5560669345192295
8948,4.138644943597255
8949,3.8768073212398946
8950,3.7620370236020015
8951,3.3120382064658767
8952,4.489068916728613
8953,3.542941674824661
8954,3.944818992380899
8955,3.7639027475886238
8956,3.5902525976805
8957,4.273529977450698
8958,4.409585963073816
8959,4.4140615124026485
8960,4.23232583267332
8961,3.8743997212368555
8962,4.289324467841604
8963,3.5855969046977965
8964,4.186524447851786
8965,4.300797387125565
8966,3.9046280100451884
8967,4.2268354870425995
8968,3.5976281880053396
8969,4.406854605001525
8970,4.166875500623467
8971,3.8002642966147757
8972,3.179908230806701
8973,3.447479400694135
8974,4.168616314129233
8975,3.744250481845379
8976,4.210267421504405
8977,4.256536285906984
8978,3.9336558062259925
8979,4.590999376572423
8980,3.2467500748728355
8981,4.271448399716194
8982,3.2989895979461696
8983,3.6985333093879493
8984,4.017947527163173
8985,4.2746525456241
8986,4.252404668146019
8987,3.826288839633561
8988,4.3030568696025835
8989,4.226891407769889
8990,3.683267196517031
8991,4.326056770214803
8992,3.6252342030539957
8993,3.390826179144952
8994,3.774523971750904
8995,4.081557554169809
8996,3.5263855646302726
8997,3.7240965449324133
8998,3.8038123203828533
8999,3.9870965647785788
9000,3.996527184613038
9001,4.125249325232327
9002,4.014481091747184
9003,4.081844276271026
9004,3.397513971280153
9005,4.076239469749634
9006,4.226663613004286
9007,3.565665331331912
9008,2.972580848686155
9009,3.4894525854247256
9010,4.216825811434422
9011,4.0047958533014185
9012,4.0225460477750286
9013,3.5327169294577114
9014,3.7166843688244153
9015,3.4619625840535253
9016,4.32833397591275
9017,4.039253721101581
9018,3.93641715163778
9019,3.8177404210510755
9020,4.124814181197872
9021,4.063612810354494
9022,4.375332738905964
9023,3.1590210002894317
9024,3.80273497143415
9025,3.6623979961844864
9026,4.5796622749205635
9027,3.402428227794889
9028,3.960356843432379
9029,3.556711068600235
9030,3.706029414267922
9031,4.100170099247501
9032,4.359843207185998
9033,3.2731970406163704
9034,4.595572236367406
9035,4.1248728516544
9036,3.3416116486469303
9037,4.334862454858609
9038,4.05655531391327
9039,2.9060417362427824
9040,3.8373573132519905
9041,4.013018695116321
9042,2.355722076081303
9043,4.008262645492081
9044,2.261488150817147
9045,3.9320101992205636
9046,3.4887396933592356
9047,2.7128649924961294
9048,4.359653496334014
9049,3.926949349657855
9050,4.390470094269334
9051,3.7311413936464426
9052,3.5330860965686313
9053,3.913057906798178
9054,3.3885120633529855
9055,3.6109936721250726
9056,3.8045070755204495
9057,4.539245770642346
9058,3.546930517814335
9059,4.116690399597937
9060,3.7808802835208137
9061,3.83553159479197
9062,3.51193893610629
9063,3.7209333250015124
9064,4.033694660445807
9065,3.9007173618100683
9066,3.240779255026556
9067,3.8588384754441556
9068,3.9758931053227418
9069,3.608399743617163
9070,4.065362215127864
9071,3.2581720227509354
9072,3.9709984061537043
9073,4.208993568909994
9074,2.6029842228888533
9075,3.359941828964759
9076,3.8531844431057163
9077,4.071577056529071
9078,3.764690706638767
9079,4.04219665038522
9080,3.699989014719554
9081,4.074207804798283
9082,3.497629326309296
9083,3.742654024935506
9084,4.104771228117537
9085,4.171792811228812
9086,3.8157543200885833
9087,4.598515394641781
9088,3.507576987585008
9089,4.244672894100802
9090,3.8047091882912465
9091,3.216326049406801
9092,3.7350227491954
9093,3.2771626161227374
9094,3.635474595694216
9095,3.7346960664594437
9096,4.147793429408763
9097,3.6006343551825193
9098,3.809048312997934
9099,3.49773448592652
9100,4.265304393176454
9101,3.9714725078765056
9102,4.231754562100214
9103,3.8833340013562783
9104,3.3601687835082785
9105,3.71480271647437
9106,3.6639238945139354
9107,3.9969742254763663
9108,4.336481031567002
9109,4.3199984422354305
9110,3.9657967496390345
9111,4.366495790088052
9112,4.123743990131697
9113,4.304765929212641
9114,3.9548065021524472
9115,3.660008912900924
9116,4.486470712334183
9117,4.101802035492945
9118,4.133234677278669
9119,4.190200596559858
9120,4.085410685478703
9121,4.0048083027784145
9122,4.039932300055579
9123,3.9897564033848205
9124,3.6729652133417954
9125,3.682711453057772
9126,3.5304403540833764
9127,4.390402606765649
9128,4.134873353298518
9129,3.63116462339233
9130,3.0882716960280074
9131,3.897578595986513
9132,3.494325739327291
9133,3.814440418482288
9134,3.7708830826322135
9135,4.124252497578757
9136,4.223489790066019
9137,3.669195202181724
9138,4.012150322750731
9139,3.0083091158951536
9140,4.8031422642554755
9141,3.607836286520012
9142,4.133047820138501
9143,3.4099053773165213
9144,4.161160744657996
9145,3.8191144115036675
9146,4.12457427086756
9147,2.6827809587804854
9148,3.4502469096336092
9149,4.3855523252790185
9150,3.971005760231524
9151,4.252603066160649
9152,3.882515581121673
9153,4.652909866338554
9154,4.112382246116013
9155,4.2098153070538284
9156,3.949125374684421
9157,3.7626386853518543
9158,3.5601406434206613
9159,3.707386087501593
9160,2.931968110856946
9161,3.5046371037547566
9162,4.12797373958993
9163,4.38642393179903
9164,3.9339094454238666
9165,4.073333443081651
9166,3.886081241190624
9167,3.778480427059254
9168,4.117205885775096
9169,4.015176515790804
9170,3.979216876206692
9171,3.381819764386318
9172,4.263682270642285
9173,4.239360225561764
9174,3.6623375521894577
9175,4.801109194123329
9176,3.5121661978947376
9177,4.332838515108076
9178,3.2921058726351706
9179,3.581570335512879
9180,3.9733980004759637
9181,4.0716725798421844
9182,2.769196107929856
9183,4.281340371934629
9184,3.679157143041982
9185,2.465236887169649
9186,4.200771458312671
9187,3.261546937687566
9188,3.877597947837833
9189,4.363815983258229
9190,2.7741844991933
9191,3.898951430006859
9192,4.196315598593374
9193,4.1213241707322155
9194,4.078666570690535
9195,4.060541072821973
9196,3.6671351195949615
9197,3.881913691317447
9198,3.708934958093634
9199,4.25809034059159
9200,3.7487324652310132
9201,3.695366400264298
9202,3.9238654528950203
9203,3.836760209935399
9204,4.221023525389382
9205,3.5950208288976633
9206,4.1943356727651295
9207,3.5572729737283524
9208,4.0040891197940365
9209,3.792665246354078
9210,4.568639337676171
9211,3.1087238162051722
9212,3.8049175241132236
9213,3.812219545544833
9214,3.946090441702447
9215,4.215112422325046
9216,4.191002339763925
9217,3.5465652832927326
9218,3.969076143797359
9219,4.442121212308901
9220,3.7529035269891047
9221,4.210191068123445
9222,3.573169464330883
9223,3.890164333401975
9224,3.1711339870179778
9225,3.9332132922676717
9226,4.387988118067595
9227,2.701032469897047
9228,3.4411421774001596
9229,3.865543776127179
9230,3.9478209861363798
9231,3.5244354832621347
9232,3.718941175514992
9233,4.271255625685075
9234,3.549696184081938
9235,3.067813884357985
9236,4.338577360897668
9237,3.9479943172899397
9238,3.8899930243788745
9239,3.698650530306111
9240,4.134560900159059
9241,4.33935579637488
9242,3.9544540691949877
9243,4.106475047346075
9244,3.5404047257657094
9245,3.3888407350631233
9246,4.1990568718725605
9247,3.9979621114637034
9248,4.5899288751870895
9249,4.046733767672299
9250,4.119897981573764
9251,3.405391556491951
9252,4.125626178655573
9253,3.4109154954852077
9254,3.913669420737861
9255,4.172111654039584
9256,3.8652982406036873
9257,3.982993158271789
9258,3.732071346868228
9259,3.6045341533544644
9260,4.445495721742427
9261,2.869025191898899
9262,3.673537208022209
9263,2.1491129808197638
9264,3.482952359273579
9265,4.4400402219041375
9266,3.647365529001961
9267,3.739055876934639
9268,4.106217081514712
9269,3.8091932086583586
9270,4.776186577028273
9271,4.1158191541549805
9272,4.23487882537397
9273,3.6826326158304123
9274,3.1567713230417773
9275,4.101025787810295
9276,4.2257962467466665
9277,3.606415639203103
9278,3.632122451035668
9279,4.421663840977381
9280,3.286883130148343
9281,4.103763730887051
9282,4.195888353499086
9283,3.4035854397956733
9284,4.252008443505158
9285,3.4099993925745693
9286,3.658796381941329
9287,4.459733695004182
9288,2.7574521306903126
9289,3.71152252099988
9290,3.8266374532414176
9291,4.098906778209303
9292,3.3832954735215086
9293,3.403866357757897
9294,3.758480336879435
9295,2.748048408629259
9296,4.428061984097985
9297,3.4842341711843776
9298,3.6424621098274397
9299,3.284795615728017
9300,3.6783599714548494
9301,4.166879393436535
9302,4.290651042039839
9303,4.256190450133612
9304,3.076711900470846
9305,3.900874240462004
9306,4.0139811766233215
9307,4.079960262408143
9308,4.321733135349076
9309,3.8677443918958456
9310,3.183957939789458
9311,4.316698075599833
9312,3.0731590541859273
9313,4.370072323779198
9314,3.8174862791774355
9315,3.35142761271244
9316,3.987437526878143
9317,4.06851965129211
9318,3.7286080095085534
9319,3.738849406221636
9320,3.43992042307587
9321,4.043667799862604
9322,4.172757581642324
9323,4.0223840437319645
9324,3.4679997126450584
9325,3.561276008224514
9326,4.069139142291167
9327,4.442176888408548
9328,3.3488729228310046
9329,3.8405342982722726
9330,3.5783909228930977
9331,3.898615312179748
9332,4.210829863541386
9333,4.025937043065603
9334,3.643190847671793
9335,3.6846611671892564
9336,3.619049530390228
9337,4.141004075072495
9338,3.932208322519813
9339,3.943607809366954
9340,3.7942961913493534
9341,3.010223113982601
9342,4.005933904549497
9343,3.8080054328279846
9344,3.767887940936344
9345,3.333891102241312
9346,3.6764539318281777
9347,3.150114369712206
9348,3.692170987658484
9349,3.72307640730663
9350,3.5755266963624717
9351,4.041831400933649
9352,4.055068344066113
9353,3.6849863251765775
9354,3.951195741456937
9355,4.195671977046375
9356,4.004996414399372
9357,4.3561532110454095
9358,4.167377294016841
9359,3.262427007708098
9360,2.9507456591087546
9361,3.9656457656466113
9362,4.10789858569748
9363,4.012439934390359
9364,3.4912705899321352
9365,3.2341785242802157
9366,4.037390803312489
9367,4.263719506397422
9368,4.82328125689741
9369,3.744694038255073
9370,4.526318035887488
9371,3.87526366790949
9372,4.099387837338284
9373,3.6855805259926395
9374,3.378333414924276
9375,4.315982078903753
9376,3.756871389464937
9377,3.793517393842583
9378,3.736246755539936
9379,4.534376474141528
9380,3.8579317271087774
9381,3.9789451812732928
9382,4.220080650862435
9383,3.546172168679279
9384,4.033320833329858
9385,3.9619870688944943
9386,4.642700897627201
9387,4.4169793689653645
9388,3.8588722550263164
9389,4.463677648139061
9390,3.762704277320923
9391,3.5363868637587306
9392,3.7766924647205986
9393,4.16250841349536
9394,3.999255557301975
9395,3.586850282567587
9396,3.8781373239265413
9397,4.739084444447769
9398,3.3715707966031534
9399,3.666067693864994
9400,3.6513231973539053
9401,3.7749740142668067
9402,3.702612018798325
9403,4.507156797165848
9404,3.9145026196131347
9405,4.089520077018857
9406,3.8643668952486223
9407,3.0420580084727575
9408,4.456208935312018
9409,3.8198992475629225
9410,3.7587620959562074
9411,4.112063936717492
9412,3.076257905002093
9413,4.32858400044212
9414,4.087064008063868
9415,3.8506971711535094
9416,3.3463568143431317
9417,3.755110729493172
9418,4.2972897137077215
9419,2.6647898631501636
9420,4.2328341761344905
9421,4.432118828600457
9422,3.743614917974602
9423,3.872006939541519
9424,3.321692394272839
9425,3.7412510926407236
9426,3.4708902873988894
9427,3.9062960066135712
9428,3.6086928982078206
9429,3.7026978654319134
9430,3.51030008339894
9431,3.438591768882242
9432,3.8958653225708666
9433,3.785307829727845
9434,3.4961181558890484
9435,3.3383059230622187
9436,3.7996779044499096
9437,3.66878675923183
9438,3.599664786484375
9439,3.872308427877716
9440,3.2392714283073154
9441,4.248366497731757
9442,3.5204457283355737
9443,4.200045355999153
9444,4.264630306581569
9445,4.359024225200393
9446,4.495146453832993
9447,3.8539534816703966
9448,4.088999768721992
9449,4.136782690569325
9450,3.2499231056641946
9451,4.431849324303139
9452,4.404119933951227
9453,4.159602937700134
9454,4.300678888405102
9455,3.750883169234129
9456,3.739840530311101
9457,4.193997919721729
9458,3.965746644326595
9459,3.846781863951204
9460,4.115050030994121
9461,3.193379617674161
9462,3.8699742556190273
9463,4.012941335900493
9464,3.690975284384084
9465,3.9636817008565775
9466,3.1507851850573765
9467,4.001123284036977
9468,4.271491684576995
9469,4.063755988820581
9470,4.066662445817851
9471,3.511186473937645
9472,3.986431702693915
9473,3.833900637367483
9474,4.198205297029148
9475,3.9165068716373934
9476,4.089318071153418
9477,4.755047375943656
9478,3.170334578561272
9479,3.6327193867801473
9480,4.248470563105043
9481,2.824969419799327
9482,4.254121764984628
9483,3.967487860308161
9484,4.5332059713500215
9485,3.7582624764897297
9486,4.163635208420983
9487,3.29780557023072
9488,4.236241388771299
9489,3.436263240299086
9490,4.326057952697919
9491,4.414641460454934
9492,3.948613047132371
9493,3.856840754880281
9494,3.072793002757006
9495,4.351336689845791
9496,3.227096084947224
9497,3.5351233242885662
9498,4.399722204918275
9499,3.362059933846343
9500,3.614865111662727
9501,4.12055701243699
9502,4.310699599586094
9503,4.030024371727441
9504,3.928277705549185
9505,4.4781240359145595
9506,3.4310828904890744
9507,3.5881449416657283
9508,2.2650406542428527
9509,3.3052128378692043
9510,4.033904376748806
9511,3.8045047303945214
9512,4.086359493606958
9513,3.901106715020907
9514,3.922094487229101
9515,3.839471187375718
9516,4.1545588713818535
9517,3.284993107144027
9518,3.8298000278213014
9519,3.96566133673541
9520,3.9992702609939244
9521,4.243788677071484
9522,3.5817378526513384
9523,3.538826285127115
9524,3.6861091440974985
9525,2.971732768514199
9526,3.758263429196557
9527,3.489419672527525
9528,3.5686876538648846
9529,3.9307748922023364
9530,4.468997546640315
9531,3.120057355547445
9532,3.4659272885782197
9533,3.512296523625986
9534,3.139758601916345
9535,3.2706883375973757
9536,4.293708306723561
9537,3.993342050660276
9538,3.9285685380056616
9539,3.655856579170827
9540,3.019563301396291
9541,3.333726018802478
9542,4.6394124093926035
9543,3.7120709769774454
9544,3.349429751881921
9545,3.9137009288664313
9546,4.08615079381126
9547,3.3447349674738867
9548,4.143015832687436
9549,3.1731516956080537
9550,4.39094384692069
9551,3.4065297947880424
9552,3.978186218103806
9553,4.324814694657704
9554,3.931577365020857
9555,4.033622649420277
9556,3.5319393008940505
9557,2.7052838011751934
9558,3.7820754208586784
9559,4.344337959276768
9560,3.490194757061362
9561,4.342557509844598
9562,4.262800300370488
9563,3.9088597562339835
9564,3.311945157422871
9565,4.4333559379631495
9566,4.0938217584650065
9567,3.5083786691434966
9568,4.4617937067025455
9569,4.193103259446268
9570,3.636904275657523
9571,4.183528155861687
9572,3.9407476354447617
9573,3.7373164904518568
9574,3.9562310025821894
9575,4.2686953196243245
9576,4.368673743042413
9577,4.1414194858571935
9578,3.6995591656758204
9579,3.8721391338608964
9580,4.0673982118614695
9581,4.169211827209226
9582,3.6926613838325757
9583,4.2312104657810305
9584,3.467662825485167
9585,4.399245176403685
9586,3.4018232910093484
9587,3.6879568778873217
9588,3.7416920528681814
9589,4.275818623291892
9590,4.416440909862853
9591,3.30094940131184
9592,3.7710798561755308
9593,3.8034357635833214
9594,3.970712640182871
9595,4.136021007289681
9596,4.063084883894144
9597,3.924529419970769
9598,2.5538804846428533
9599,3.1089682947433968
9600,4.409045084785369
9601,4.276899174368911
9602,3.9462560040338666
9603,4.1140210651374325
9604,3.014471819709531
9605,3.8141499928080833
9606,4.268750110546764
9607,3.5889322996086914
9608,3.5340935344263613
9609,3.812979638099911
9610,3.8586010216863578
9611,3.589131748746073
9612,3.5453099080282158
9613,4.146077810796388
9614,4.178372515246421
9615,4.089864018481583
9616,4.065443277021579
9617,3.5630065362381735
9618,4.111447385401526
9619,3.899606407580272
9620,3.9081451727004843
9621,3.751096489881286
9622,2.0946333529036725
9623,3.784768738578272
9624,4.157090577099472
9625,3.881088528155809
9626,4.421460212425615
9627,4.056353846145864
9628,3.8924545894649274
9629,3.787614168299136
9630,3.76487904003398
9631,4.432701441903566
9632,3.869697805213505
9633,4.138147343627514
9634,3.9391718283553097
9635,2.670958061775755
9636,3.420976161932085
9637,3.092695365525241
9638,3.7402392189227047
9639,4.019307357552377
9640,4.157564089751272
9641,4.125826509586904
9642,3.575530988313801
9643,3.606106483046487
9644,3.824513785778244
9645,2.336197795790463
9646,3.8062540833506873
9647,3.567804258417505
9648,3.9523319736578024
9649,4.374830239426769
9650,3.5143031769378226
9651,3.9243617703985603
9652,4.000260108377347
9653,3.8552304315210364
9654,3.716448161516359
9655,3.795323266359784
9656,3.8745273341680946
9657,4.295286361762702
9658,4.249278076701534
9659,4.1230574415117776
9660,4.2367461524458925
9661,4.222542730957652
9662,4.163345313753341
9663,4.2894412590312925
9664,4.058311269267293
9665,4.236080340290696
9666,3.883862661525285
9667,3.6839968762018227
9668,4.195110197477851
9669,3.678371357910608
9670,3.6073190980802803
9671,3.4900662183089164
9672,3.3182904243556752
9673,4.055724319253237
9674,3.578188512667513
9675,2.9620966410789418
9676,3.8908239146285943
9677,3.0496166935569633
9678,4.275030822959694
9679,4.006382398592352
9680,3.9330454846901084
9681,4.07890530482957
9682,3.740277752627099
9683,4.2559199553102225
9684,3.783181393143801
9685,3.784689237836357
9686,4.2060704113065395
9687,3.416935949665856
9688,4.0049843181722355
9689,4.006540744145578
9690,3.5553097381984884
9691,4.132664646436881
9692,3.925039421899406
9693,4.2540332319804754
9694,3.8684443213216397
9695,3.795655701685808
9696,3.5438251198813173
9697,4.272341585110311
9698,3.7167596521489514
9699,3.7345036230651303
9700,3.875068194617157
9701,3.5049116315890014
9702,3.8959843580775004
9703,3.5479577322036846
9704,3.0613150828168116
9705,5.122174584487038
9706,3.9486613870980687
9707,3.9970763275973678
9708,3.885516488717343
9709,3.715994274622913
9710,4.205861610201886
9711,4.32656668596125
9712,3.101090966234768
9713,4.182418089519523
9714,3.5902521307583886
9715,3.600852329033172
9716,3.966918255245096
9717,3.928027519766303
9718,3.583993190906524
9719,4.537596084532112
9720,3.9026436523442563
9721,4.217009567336612
9722,4.0034698374323785
9723,3.2856385092057074
9724,4.219173693303773
9725,3.317410897676213
9726,3.2679759288711985
9727,3.061956335689306
9728,3.1869914127986387
9729,3.2237381995973458
9730,3.8404469995049766
9731,3.7816909371931953
9732,4.142894952391677
9733,3.8381463364729456
9734,3.9818984538401203
9735,3.983106806294302
9736,3.8105432876881817
9737,3.722243685496915
9738,4.042330745715104
9739,2.3612197717163053
9740,4.634744593386818
9741,3.8839342440934335
9742,3.441780024888061
9743,3.4851762828327058
9744,3.8942292837326136
9745,3.680374046761777
9746,3.515215792520962
9747,4.038061328423863
9748,4.466242059913018
9749,3.9809490379121186
9750,2.911112953268857
9751,4.085928289980902
9752,4.266647890839161
9753,3.748752866864164
9754,4.318894694975317
9755,3.695812814221341
9756,4.394956673657415
9757,4.483836163776422
9758,3.826004265952818
9759,4.55176803889659
9760,3.7846126058579124
9761,4.243070958270442
9762,4.493228249998765
9763,4.549947762661446
9764,3.8784711150130633
9765,3.906565002586154
9766,3.784000757732837
9767,4.263158259649691
9768,4.091839701818142
9769,3.7410625002111555
9770,4.167238408239834
9771,3.870936174619237
9772,3.7842708284877293
9773,3.376121039210881
9774,3.396684371820472
9775,3.5544172536483405
9776,4.115476591612989
9777,3.623846514710964
9778,3.817794618113055
9779,4.136402742705753
9780,3.538543698856774
9781,3.872509744049811
9782,4.016617493261675
9783,3.721664735036036
9784,3.9363541696184114
9785,3.8711361099727455
9786,3.3334873143113875
9787,3.6123687107795988
9788,3.4890324315250556
9789,4.728281907081371
9790,4.085165539258137
9791,3.703027465004796
9792,3.692402400213002
9793,3.0942030959839997
9794,3.9143053840884416
9795,4.163298114189363
9796,3.7222159350546047
9797,1.2444468834616664
9798,4.255991683369723
9799,3.6427431714031204
9800,3.7142804753795104
9801,3.772961930751551
9802,4.166385696366039
9803,3.8332832741027136
9804,4.095554921877483
9805,3.80973666621151
9806,4.449184169176295
9807,4.450508852985516
9808,3.9775998240354475
9809,4.349101003519152
9810,4.084103936665581
9811,3.8397102619897083
9812,4.361855361010607
9813,3.866493279505141
9814,3.6443392955747402
9815,4.050267798493165
9816,3.5322881628889107
9817,3.793498252796274
9818,3.1476656860041956
9819,4.288960405363081
9820,3.672191899358779
9821,3.9809847916001804
9822,3.8299775410187866
9823,3.6934160933770244
9824,3.461009602368012
9825,4.2677904845604
9826,4.22809182605188
9827,4.044596345591021
9828,4.293196956672485
9829,4.032820720834303
9830,3.442985335531958
9831,4.287913657088806
9832,3.923772963485396
9833,3.988580218830757
9834,4.580355875589666
9835,4.464083118125355
9836,3.9195363582987817
9837,3.726150062476499
9838,4.314865851000393
9839,3.1826961021435807
9840,4.481802611170073
9841,3.4236506491443137
9842,3.927327852375498
9843,4.226293029555158
9844,4.190549339396979
9845,3.9146069691981307
9846,3.6926199750312723
9847,3.669041649006582
9848,4.345711851210256
9849,3.9175875883172644
9850,4.486427588509073
9851,4.233844226485086
9852,3.775491523317406
9853,3.037849571638727
9854,3.312547324548193
9855,3.9074638015660472
9856,3.9225989602409914
9857,4.556959624925424
9858,3.848374319908478
9859,4.118328072522026
9860,3.7630108208672883
9861,4.134442965356461
9862,4.194688881338463
9863,4.381318442162131
9864,3.761852415508354
9865,3.452080039727404
9866,3.366929002998157
9867,3.478284692037761
9868,3.472133153273555
9869,4.1744208425798845
9870,3.830282258476272
9871,3.995303561158739
9872,4.4432135814096085
9873,3.6122329138248244
9874,4.112341564060943
9875,4.220915959000198
9876,3.6871692542716517
9877,4.035600378154321
9878,4.177701564011143
9879,3.9201900716628852
9880,4.090066651841083
9881,3.9632913558809975
9882,3.7703164959406674
9883,3.544870162586978
9884,4.111192182850628
9885,3.8388272569376216
9886,3.555140910024269
9887,4.313625374982609
9888,3.9750822723383497
9889,3.8311436403248553
9890,4.4261772133260635
9891,3.304783649314489
9892,4.356439482654972
9893,4.570950639308045
9894,4.085167881844679
9895,3.9855378834425093
9896,4.152826368784039
9897,3.9166635516687798
9898,3.4901157568077004
9899,4.261960992281452
9900,3.7639790705489666
9901,3.6288650310647395
9902,3.3642845108798554
9903,4.1531380155914555
9904,3.079308928540211
9905,3.9939712322343315
9906,3.726221294242741
9907,4.055083950226184
9908,3.929906207539835
9909,3.920014459157997
9910,4.546548671618332
9911,3.5693475661284477
9912,4.459848391161081
9913,4.4552650662646265
9914,3.6410739747635947
9915,4.08125044975241
9916,4.153758987784418
9917,3.38213198113621
9918,3.9690974336959073
9919,4.194221906620784
9920,3.7573178112635066
9921,4.1556683202344455
9922,3.7356410771434305
9923,3.893631066398637
9924,3.720911438511603
9925,3.720290943089452
9926,3.5235399559656706
9927,3.8233064776285524
9928,3.7018668233084995
9929,4.005894840570447
9930,3.9779502719687354
9931,4.038492405614505
9932,3.758995562468076
9933,3.774590206129467
9934,3.429288089194033
9935,2.718369911229404
9936,4.162121669899907
9937,4.175136927493009
9938,4.588158175919732
9939,3.701127311352634
9940,4.091336605029792
9941,3.341483713869785
9942,3.987986292331442
9943,3.97773948999024
9944,3.5929079720215764
9945,4.424879601210881
9946,2.643768882756774
9947,4.002146083364622
9948,3.120094225012405
9949,4.414413875172912
9950,3.7686739144021626
9951,3.9495602393062548
9952,4.189882891372617
9953,3.904964762055423
9954,3.1195746934753448
9955,3.9792894236937677
9956,4.35362232038538
9957,4.160647339392742
9958,3.896514794755838
9959,4.607601289330351
9960,3.7949747859927303
9961,4.416286055002562
9962,4.191445648636911
9963,3.0859455365519004
9964,4.1615747429479075
9965,4.225635365790513
9966,3.9368254058480403
9967,4.645732334530672
9968,3.5682785187320896
9969,4.610076770739106
9970,2.9340191925081616
9971,4.031431090451331
9972,4.427566814684436
9973,3.2872225385441105
9974,3.5519684636277553
9975,4.316274360305238
9976,3.801562083083505
9977,4.16028923034917
9978,3.3260394982721646
9979,4.195635592406935
9980,3.8876716403322256
9981,3.9932565745642474
9982,3.760734536493924
9983,3.8636341145996287
9984,3.359850548988396
9985,4.171475179917861
9986,3.5066223235403466
9987,4.41205719413956
9988,3.4455768008040817
9989,2.9898206367130875
9990,4.450290344434878
9991,3.7451365070631866
9992,3.6529487558927407
9993,3.663890509972571
9994,3.4737810968409484
9995,3.8366073627630204
9996,4.222419086153161
9997,4.311319832063585
9998,4.142643794033951
9999,3.715600365282352
10000,4.475296408318631
10001,4.4400385700892375
10002,3.990796272377297
10003,3.700881826534559
10004,4.0785924426759514
10005,3.8094246745390983
10006,3.9449720829210655
10007,2.7136042759661247
10008,3.6582447605405353
10009,4.313540321626718
10010,3.814616440463535
10011,3.79657017389645
10012,3.9860621377717216
10013,3.8720954264699152
10014,3.6283513181825082
10015,4.575468482052903
10016,3.7944018462025646
10017,3.495196636604108
10018,3.273424101308315
10019,3.2485329238371357
10020,3.59540570835553
10021,4.207868312447218
10022,4.374847141883331
10023,3.830494450612056
10024,3.5791830940013583
10025,3.589371404487464
10026,4.194066498915303
10027,3.295202501963532
10028,3.824592973722188
10029,4.700959240784288
10030,3.8660704368898564
10031,3.941947237902637
10032,3.707427769167703
10033,3.7029742706927102
10034,4.138599455005769
10035,3.6181094164993883
10036,3.83702933543219
10037,4.531505268639481
10038,3.541362947042529
10039,4.211067963949869
10040,4.097496734297737
10041,4.257359967891725
10042,4.045811116645185
10043,3.969048332440062
10044,4.1306091750700205
10045,4.155567069698446
10046,4.936272472768884
10047,3.4766638166070862
10048,4.0394973466335085
10049,4.415631316696274
10050,2.9274464048129154
10051,4.330781854899321
10052,3.830666013178071
10053,4.220995290077431
10054,2.878774903932751
10055,3.1218465390728944
10056,4.40606314021138
10057,3.9055781261570957
10058,4.511420795379411
10059,3.5119941169167586
10060,4.021655371100048
10061,4.1393729062932145
10062,3.8657301038445375
10063,3.96766979189246
10064,3.996047401960764
10065,3.5730949295082954
10066,3.970846204387515
10067,3.319984020925684
10068,3.7838967113802298
10069,3.882528478618955
10070,3.72257761798941
10071,4.22227107586084
10072,3.8250705466775
10073,3.980288845866479
10074,4.289931916940871
10075,3.845948084185874
10076,3.7715011777168286
10077,3.0094455007719265
10078,3.863531175075746
10079,4.020417646100723
10080,3.760942738440674
10081,4.121711465448987
10082,4.140054150605991
10083,3.981578150413519
10084,3.552970083731539
10085,3.4892232612816834
10086,4.37373613277903
10087,4.415684064706388
10088,4.258019230841784
10089,3.0123978065730217
10090,3.661103139717584
10091,4.4070998079250945
10092,3.353492647833189
10093,3.8701539098933377
10094,4.24113005070916
10095,4.040704117985904
10096,3.8730579123466846
10097,2.8528173703618585
10098,4.71847606695686
10099,3.4145048279142394
10100,3.6327956590007826
10101,2.334866130966141
10102,4.536465749639685
10103,3.8158706187966
10104,4.070720941775042
10105,4.103177644325362
10106,3.294941323099957
10107,3.7500754117782247
10108,2.8870871216903993
10109,3.9055193638320116
10110,4.375462367684904
10111,3.868748445020797
10112,4.23300037033497
10113,4.31864788546066
10114,3.174575389233464
10115,4.229027826892228
10116,3.6429247595758714
10117,4.727381131653216
10118,3.8409178120652427
10119,3.3679134250966865
10120,3.484528968892981
10121,4.163149059737744
10122,4.101203590428327
10123,3.8022827595548385
10124,4.029195254157209
10125,-0.16269686071868072
10126,3.834425083242019
10127,3.983780011864285
10128,3.8210865362853976
10129,4.186206227106462
10130,3.9622605089088676
10131,4.198903771376511
10132,4.178323612515346
10133,3.4604469305981915
10134,1.7153585998229524
10135,3.9625205782200865
10136,4.402967961010887
10137,3.3306954193508247
10138,3.9656481718738785
10139,4.261045500167597
10140,4.505676426744593
10141,3.879313910210291
10142,3.2146747558122595
10143,4.199902703824073
10144,3.9757951243605696
10145,4.060472429411837
10146,3.781121210914142
10147,4.427601764752204
10148,4.300325524107844
10149,3.838884860318924
10150,3.5998715540468407
10151,4.6253747732743005
10152,4.009533939905426
10153,3.6540683175448105
10154,4.3714656875474915
10155,3.8239608576982693
10156,3.840843456055003
10157,3.9391703910148266
10158,4.308429173877908
10159,3.913718848166102
10160,2.7261014823337533
10161,4.021465915855098
10162,4.536857851288882
10163,4.0309446001520595
10164,3.4363713256417316
10165,4.712971293397864
10166,3.6883955717083072
10167,3.6084237254332265
10168,3.7232874379624974
10169,2.2629076986335015
10170,3.522593190895792
10171,3.871304810586185
10172,2.609624409701098
10173,4.366202142088049
10174,3.913535595244859
10175,4.077462234452803
10176,3.5406777953965403
10177,4.517079824374171
10178,3.431193771197293
10179,3.4749465641251405
10180,4.338617938598713
10181,3.536021144833457
10182,4.522733022016439
10183,3.696521372371123
10184,4.141632979256462
10185,4.424685114364738
10186,4.210162749267166
10187,3.8837006914885333
10188,3.9042893801416536
10189,3.3497186850274883
10190,4.206590905774426
10191,3.8548640283825826
10192,3.7781675959840673
10193,4.1973175113020815
10194,4.253199592295884
10195,4.106512391969774
10196,3.8708756546115755
10197,4.6690993430841345
10198,3.6917148074003965
10199,3.8338657552622735
10200,4.361460488056757
10201,4.654707185879914
10202,3.8937288141076447
10203,4.160691668909321
10204,4.120150693379166
10205,3.815060763810413
10206,3.685149121663759
10207,3.7216422267934064
10208,4.481456930496078
10209,3.2527169486152303
10210,3.3684873829103363
10211,3.4564005577012207
10212,4.237143094439343
10213,4.37112172189139
10214,3.9079565953115054
10215,4.002323505184085
10216,3.68347736760761
10217,3.831857430606627
10218,4.363765798094521
10219,4.091887040384586
10220,4.217126203471409
10221,3.882711653881305
10222,4.311050179327356
10223,3.7111570712731297
10224,3.743882449207847
10225,4.198600380896837
10226,3.878286404919775
10227,3.58116967902005
10228,3.6712349534091455
10229,3.832812491389344
10230,4.002492319417966
10231,3.800056380072162
10232,4.263229924421259
10233,3.6284579117291003
10234,3.923216896434889
10235,3.515687780139478
10236,4.56197015760211
10237,3.696619795846413
10238,3.7691565347165508
10239,4.128779532049281
10240,3.175243294861094
10241,3.9529422305704003
10242,3.9897870678033467
10243,3.993768243526725
10244,4.096439483447156
10245,4.170322281025243
10246,4.246052494040644
10247,4.288841888330772
10248,3.8375428089989008
10249,4.4356901890811855
10250,3.626476753366264
10251,3.8936133600833216
10252,4.23149289355807
10253,4.25086781226349
10254,3.504150245258119
10255,4.492861508817443
10256,3.7679128845330876
10257,4.138170000915274
10258,4.339153760415975
10259,3.663325100541469
10260,3.871838013036628
10261,3.60828391123483
10262,3.6723580103329763
10263,3.2186291583442745
10264,4.299240575767282
10265,3.747818177955592
10266,3.951150544797498
10267,3.5615297777728383
10268,4.0090662670706685
10269,4.518302307496317
10270,3.375754406699226
10271,3.143122102955177
10272,4.247356920392887
10273,3.909622586864721
10274,3.875312406322797
10275,3.815707644376598
10276,4.367977123903641
10277,4.502392528008329
10278,4.507443497557382
10279,4.105947215561066
10280,4.011462493504936
10281,4.415667599620257
10282,3.5826710651274265
10283,3.8334622276542003
10284,4.193263516546839
10285,4.485983568741091
10286,4.5490735384879795
10287,3.477640573339812
10288,4.179698084110829
10289,4.344171529498821
10290,3.6390213262614743
10291,3.9898400575582613
10292,3.8453395833817794
10293,3.8109801198783746
10294,3.8130054478149233
10295,4.244558344461373
10296,4.45684819948168
10297,3.6624852149123335
10298,3.5223462903596374
10299,4.209696135036271
10300,4.115986984167245
10301,4.190572719821157
10302,4.1088064446081916
10303,3.17220555219572
10304,3.9442889827145837
10305,4.5430451552388345
10306,3.443025501207835
10307,3.563808777353035
10308,4.179074692091843
10309,4.20083402574471
10310,3.0386929118032224
10311,3.698205677953636
10312,3.5723014758233482
10313,4.167996992203079
10314,4.486055909508604
10315,3.8765727514796975
10316,3.9749504779864786
10317,2.205309081840353
10318,3.5827352554338745
10319,3.898707845805573
10320,3.526878234092427
10321,3.9306569453639764
10322,3.91182842675717
10323,3.9365559875696423
10324,4.3294885286870315
10325,4.103807667154982
10326,3.5673227642892176
10327,2.52036751794485
10328,4.159032105497996
10329,3.0797751968356586
10330,3.462360195042695
10331,4.08001136698438
10332,3.891420274874582
10333,3.629344372058366
10334,3.7518586218780943
10335,3.9693137235019744
10336,4.065001729002907
10337,4.246704715104357
10338,3.2783070447781117
10339,4.139391062360643
10340,3.9134336728295747
10341,4.761840975554925
10342,3.9402597066699556
10343,4.286862320387652
10344,3.4076074824419944
10345,2.947662858085309
10346,3.825279560824441
10347,4.2561237780758105
10348,3.668363105152265
10349,4.2864403592535325
10350,3.398383892424702
10351,2.553786078985672
10352,3.960800783707489
10353,3.502837431550578
10354,4.458923787007768
10355,3.833332583121619
10356,3.3984175491688937
10357,4.038252560226152
10358,4.522822955142805
10359,3.228202306462549
10360,4.1342421052525555
10361,3.96593272007739
10362,3.5491518362210783
10363,3.715579843203008
10364,3.9036810910166615
10365,3.7297869982132728
10366,3.0413647775468515
10367,3.2965454262558715
10368,3.2948764258564935
10369,3.8257836176771054
10370,4.41156675828787
10371,3.80968603855154
10372,4.214656970825207
10373,4.38456486477674
10374,3.6949595125081824
10375,3.8419650617914165
10376,3.965411723119537
10377,4.238083869954565
10378,3.2974981594614494
10379,3.798324323356576
10380,3.9672443341585364
10381,4.3641777822766645
10382,4.101662887172456
10383,4.054862245111405
10384,3.780951325665674
10385,3.856376357359622
10386,3.6449188434060282
10387,4.22554048818782
10388,3.8181562574449366
10389,3.687667251790675
10390,3.1565943775627563
10391,2.8850089707798343
10392,3.8674489599402992
10393,4.345867528711453
10394,4.005194064345897
10395,4.017677737097948
10396,4.117025896272638
10397,4.146265351219753
10398,2.7213653761974257
10399,3.651806840488364
10400,3.027574384172725
10401,4.503175931253708
10402,4.451467922464852
10403,4.492581438564802
10404,4.320445391620975
10405,4.216820304203303
10406,4.288986847101851
10407,3.6523677161182153
10408,3.3079765181755203
10409,4.094397304114299
10410,3.741782841599038
10411,3.9924003113686
10412,3.7807632571071093
10413,3.365851310431921
10414,4.083180914455657
10415,3.9032592863172546
10416,4.146530919542876
10417,3.197506233147589
10418,3.992499603234977
10419,3.8322309766058105
10420,4.137237789620013
10421,3.944394861675505
10422,3.630275526084743
10423,3.6787578535760357
10424,3.9642118539394087
10425,3.7951862720858145
10426,3.5148314508024274
10427,4.118565328393883
10428,3.1903928594240565
10429,4.029016045624093
10430,3.873922228809766
10431,3.6837882540078617
10432,4.2511406289986
10433,3.7966727940891314
10434,3.8566621528034837
10435,3.913088358940561
10436,9.61534171419331
10437,3.505256803198465
10438,4.180252504691895
10439,3.805606930216179
10440,3.64331905363707
10441,3.6314468867355245
10442,3.9553057704448946
10443,3.9593723823012485
10444,4.038658519540922
10445,3.993793641370255
10446,4.070310157097156
10447,2.5035529403064984
10448,4.170768225213822
10449,3.986309447698426
10450,4.452293270779647
10451,3.4704824408340347
10452,3.966045019739447
10453,3.537539765746251
10454,4.031404035359097
10455,3.7221456474833747
10456,3.800331700563719
10457,4.546496796983433
10458,4.608954781914459
10459,4.157015137574495
10460,4.257347972978591
10461,3.988162860697342
10462,3.409985650447659
10463,4.01782634508241
10464,1.6733985335379824
10465,3.9657874822229964
10466,3.844868195462942
10467,3.9038255645750723
10468,3.9293243547813717
10469,3.760768856922166
10470,4.078517390758494
10471,3.735986590126524
10472,4.080228162329371
10473,4.400184967644712
10474,3.7005135460664267
10475,3.9758511840337416
10476,3.6435262420396732
10477,4.115615555251935
10478,3.895574228936759
10479,4.236386884261204
10480,4.23354293111495
10481,4.151794204169724
10482,3.043301745983676
10483,4.510946138991148
10484,4.349826372512057
10485,3.6491995138581874
10486,4.18033477282742
10487,3.078199404524529
10488,3.7925611622730866
10489,3.814495692155335
10490,3.923184773001685
10491,4.378010064995912
10492,4.113935776733474
10493,3.559531480688804
10494,3.8123764181558606
10495,4.051875303542248
10496,4.123430111100152
10497,4.066487016032868
10498,4.020298221842001
10499,3.834468521096607
10500,3.9973442251448184
10501,3.8205817803733577
10502,4.401738672408108
10503,4.244307070862002
10504,4.328043128072167
10505,4.4804757451632735
10506,3.6164140806955807
10507,4.077530092737497
10508,4.076235838298631
10509,3.4289594359974416
10510,3.71641644543295
10511,3.6033009334840163
10512,4.372862684544673
10513,2.961447550296432
10514,3.8558808946603875
10515,4.066815358549375
10516,3.7549108301587477
10517,4.479597080462835
10518,4.136817088547772
10519,4.183935820714414
10520,4.003652281608124
10521,4.7994223690813165
10522,3.841045064048979
10523,3.9780759831055406
10524,4.008344016812471
10525,3.9600478343341052
10526,3.878233729982364
10527,3.5968485516077227
10528,3.8263080630830597
10529,2.586145661922581
10530,4.41208559528185
10531,4.07587894450751
10532,4.237546416862765
10533,3.3417851558940317
10534,4.141673563238546
10535,3.568657171806315
10536,3.7992719589831037
10537,3.4594884533354353
10538,3.9278344630342126
10539,4.650639328542919
10540,3.7284870332095927
10541,3.1580364490876907
10542,3.8510744255589717
10543,4.377792384231961
10544,3.9658741485534534
10545,3.713049517240796
10546,4.219206696919107
10547,3.839113544789676
10548,3.947117280702013
10549,3.7859152995697887
10550,4.275543032236923
10551,3.510482509065131
10552,3.7898391859808616
10553,3.6843519044076665
10554,4.206718319925253
10555,4.13583304320292
10556,3.539394417067861
10557,4.131310850056174
10558,3.3815492680603647
10559,4.158775185650553
10560,3.41848411658839
10561,3.56246952197875
10562,2.8090627918048607
10563,2.9894550486460965
10564,4.090491341053442
10565,3.2813741461331567
10566,3.1084646522729837
10567,4.500292641905322
10568,4.003499947610571
10569,3.8297866967600367
10570,3.342695608332784
10571,2.4912954913700958
10572,4.321040809725146
10573,4.120894018425279
10574,3.8955451047070433
10575,3.9346020831511783
10576,3.531564116356547
10577,4.297505791000114
10578,3.3645224478769045
10579,3.4759149189655165
10580,3.503417495964108
10581,3.066359630439475
10582,3.580459790521493
10583,4.0200174800924735
10584,3.566478862717119
10585,4.1913268758567135
10586,3.830241464417483
10587,4.03688589593415
10588,4.006917260636149
10589,3.7743125740640355
10590,3.9272437421817603
10591,4.687775767260501
10592,3.98041903333767
10593,3.5826168158132443
10594,4.22210714957305
10595,4.479323934635515
10596,4.256062984868896
10597,4.174735748560254
10598,3.791174520075609
10599,3.867439868691939
10600,3.9348125549595565
10601,3.976245054148256
10602,4.220603996078495
10603,3.944709334228971
10604,4.085907178890759
10605,3.772242252468944
10606,3.7253629027950623
10607,4.180241113532693
10608,4.136884146219609
10609,3.3607268883674113
10610,3.87706466374625
10611,4.091769229887161
10612,4.432907342544002
10613,3.605896967317994
10614,4.058866584492263
10615,3.6023418277112267
10616,3.3150679050656624
10617,3.650710244421955
10618,3.6740876656676704
10619,3.559810962330735
10620,4.1310859866784835
10621,3.986025108444302
10622,3.8074770884248075
10623,3.4712829659335735
10624,3.4709521276182436
10625,3.766807471466862
10626,3.6681417093088893
10627,3.9566616439689604
10628,4.1465745522539965
10629,4.093227599577178
10630,3.9358093470405127
10631,3.5256316699893535
10632,4.049242449461307
10633,3.7437150635432737
10634,5.071275026215288
10635,3.094610154204787
10636,3.84432365275174
10637,4.456832022087077
10638,4.073604974609896
10639,3.2559140712514516
10640,4.294560461495886
10641,3.923505767190994
10642,3.5689139013069884
10643,3.5541702253613465
10644,4.262550415780279
10645,4.0409257756836645
10646,3.668826735346668
10647,3.819662613242274
10648,4.035231163678141
10649,3.9830475180328495
10650,3.804493103422841
10651,3.87934862241079
10652,3.4429895673069435
10653,4.005624032571516
10654,3.225710617072224
10655,3.6417466423216265
10656,4.143742021679472
10657,3.5883749876703224
10658,4.264734255029921
10659,3.547465723447184
10660,4.192575295322751
10661,3.9783240958916135
10662,3.5384598482103318
10663,3.9464328693496764
10664,4.311225779695135
10665,2.8000015189280063
10666,3.6189966893235574
10667,4.716137803074243
10668,3.9443624737331664
10669,2.573595374098744
10670,3.9626403449994676
10671,3.4801326906124537
10672,3.977894559746966
10673,4.226067445648951
10674,4.002796832059644
10675,3.9068558107982927
10676,3.4842793001393364
10677,4.566722204304607
10678,4.1548318051764745
10679,3.8875508754554318
10680,3.5928050417196946
10681,4.357900106128806
10682,3.528022844610577
10683,4.429748660818648
10684,4.179077825998418
10685,3.700500959653729
10686,3.415417904563686
10687,4.247052489810203
10688,2.7310915020485744
10689,3.3308883438521075
10690,3.295297077056368
10691,4.077553692764214
10692,4.423708384882026
10693,3.6889382296654922
10694,3.197018947645729
10695,4.34394201696051
10696,3.933642675681714
10697,3.901395877212975
10698,4.1269639576293216
10699,4.117118506902582
10700,3.9765678333757286
10701,4.229079300882683
10702,3.9746597854075816
10703,3.890761827089886
10704,4.117849239547674
10705,3.7684469453225624
10706,4.1971823220193265
10707,3.7552498997620454
10708,4.096874881531775
10709,4.54532080163351
10710,3.733900514647127
10711,3.760879643466968
10712,3.149304361187802
10713,3.431299397291564
10714,3.972306044920707
10715,4.115800557066498
10716,4.463177786109698
10717,3.5659349013093493
10718,3.874406249113674
10719,4.070463988727095
10720,3.8771592979438463
10721,3.8640858130454117
10722,3.947016980974201
10723,4.085942908808889
10724,3.1095233130982667
10725,3.747495518890698
10726,4.72137883744843
10727,3.882573721547679
10728,3.941883987411682
10729,3.884460498592496
10730,4.104297306506531
10731,3.8428714101210844
10732,3.907801238856168
10733,3.04721969857394
10734,3.7239212659131056
10735,3.8870698948359586
10736,3.1640411861655604
10737,3.44656667213612
10738,4.303164444229752
10739,4.27301092714848
10740,4.20012211062121
10741,3.3720231612117697
10742,3.571024993577959
10743,3.4532755713037684
10744,4.178295720984698
10745,2.9537078871924525
10746,4.214669620925342
10747,4.084829149086865
10748,3.980411381237845
10749,3.501876940768387
10750,3.9831891088717413
10751,3.9399165362830395
10752,4.279750731250395
10753,4.24756805193792
10754,3.7458490869050234
10755,3.8840593311548037
10756,4.0727664262848915
10757,4.071613060610671
10758,3.624103109249454
10759,4.086997178651762
10760,3.5997823509439595
10761,4.000305936459636
10762,3.5770158226538644
10763,4.063822654062864
10764,4.341884129566198
10765,3.9023795409687487
10766,3.6237052202861477
10767,4.7196996838512035
10768,4.21551322431189
10769,3.934217375078939
10770,2.6557876304218873
10771,4.360386538329045
10772,3.524720417656484
10773,4.182417205777147
10774,3.345275685974263
10775,3.7213741541685987
10776,3.5176252154219174
10777,4.364133211965317
10778,4.296743376369076
10779,3.442656849467012
10780,3.6716537022733604
10781,3.405429979147561
10782,4.030040253979655
10783,4.571497056757526
10784,3.751364326147261
10785,3.6729111175721787
10786,3.8918011253113765
10787,4.536859073875791
10788,3.7864083334719236
10789,3.6586700917827084
10790,3.7240442084728063
10791,3.571034117602066
10792,4.134270841129652
10793,3.290205846889423
10794,4.013343828781627
10795,3.981875655411468
10796,3.266921758589362
10797,3.06236246894089
10798,4.115520731306397
10799,3.731514943405804
10800,4.353932821150973
10801,3.6621082077096556
10802,3.5026485249314874
10803,3.9971458065373824
10804,3.8659118973562006
10805,4.390735880530086
10806,4.078630549612376
10807,3.517949322417648
10808,3.7118206721943245
10809,4.104670179758202
10810,4.107317263212202
10811,4.127727793593586
10812,4.55908606894242
10813,4.204212374318423
10814,4.095858752615509
10815,3.799943489068898
10816,4.438496479982179
10817,3.4408598370012573
10818,3.039885103550068
10819,2.6270762127467577
10820,4.062875077990771
10821,4.095134622938435
10822,4.3086177398498275
10823,4.3725662520948845
10824,4.6050713108749495
10825,3.704436370443947
10826,4.028202530092928
10827,3.5132797381755623
10828,3.716524991965933
10829,4.322196802081791
10830,3.701355379533572
10831,4.077042096332088
10832,4.002331218231303
10833,4.396900487346265
10834,2.6527445927930913
10835,3.541133194540059
10836,3.7650599255378303
10837,3.9844036426400464
10838,3.365007097594807
10839,3.631616872631403
10840,4.126845663968416
10841,4.16835480369061
10842,4.060824936517598
10843,3.9119160486595455
10844,4.349458155552316
10845,3.969984784460836
10846,2.863667494162579
10847,3.8101851170415006
10848,3.525180386419809
10849,4.314536222546986
10850,4.1361233461432025
10851,3.784270449563806
10852,3.837363854681799
10853,4.308443773215268
10854,3.045383248401418
10855,3.650783599762512
10856,4.792793456262583
10857,4.013973328550035
10858,4.169340925482437
10859,3.7608060641485306
10860,3.9906676174825595
10861,4.168080987155102
10862,3.8389896384962405
10863,3.9924421351199086
10864,3.9700489055846013
10865,3.750094916962807
10866,4.3560659531688515
10867,4.183407229762475
10868,3.956778083691116
10869,3.6232861791893587
10870,3.7283158697772283
10871,1.6640304523619527
10872,3.6637333688987272
10873,4.576343000737463
10874,3.7803598532565843
10875,4.478782393661291
10876,3.597715584392276
10877,3.4983871324293503
10878,4.72496333264708
10879,3.836463661718186
10880,4.1502301590160435
10881,3.8304196137217623
10882,3.7684018200216833
10883,4.319792471131336
10884,4.078109430875488
10885,3.7758703945349534
10886,4.072953605541388
10887,3.585997818917077
10888,3.722406318903305
10889,4.399813426451026
10890,3.241782597142448
10891,4.342475352755278
10892,4.335180052497314
10893,4.187203351802134
10894,4.373803586625918
10895,4.438086371241054
10896,4.1474680803405075
10897,3.5694512390373543
10898,3.9344538257651305
10899,2.3456846291863886
10900,4.174683978112784
10901,4.123661934924812
10902,4.116378171590279
10903,2.577922210285708
10904,3.646578676146401
10905,3.241047451726864
10906,3.7035841483726752
10907,3.8575674781879066
10908,3.9835433087870378
10909,3.6825761933207275
10910,4.648605916817269
10911,4.025551120216729
10912,3.8992903573826254
10913,3.851110755683276
10914,4.351460800989004
10915,3.7137705882003136
10916,3.846905804172076
10917,4.113670612750699
10918,3.7097287935095853
10919,3.732446980283285
10920,3.7899021008332916
10921,3.441915852936683
10922,3.579972245890472
10923,4.144025027285423
10924,4.017371385096386
10925,4.220001988429786
10926,2.8963246697614373
10927,3.847931581072169
10928,4.033411804688209
10929,4.2546298641617035
10930,3.1131483201715167
10931,3.943461541014635
10932,4.243068451720585
10933,3.4251046039848294
10934,4.047315419297885
10935,3.5700873008555956
10936,4.118025291703946
10937,3.7432820908580684
10938,3.2114532433895366
10939,4.831915490192545
10940,3.8843931087307464
10941,3.6382946264232388
10942,3.8222922766706855
10943,3.604436500449248
10944,3.2266944596914193
10945,2.9640164583920416
10946,4.0489107193887275
10947,4.310836711112911
10948,3.7933729998952277
10949,4.181436695854767
10950,4.035438035283285
10951,3.779611183723061
10952,4.081467922410871
10953,3.7448268758582746
10954,3.6886587168812053
10955,3.736687577469933
10956,3.578069031878389
10957,3.5738863932054556
10958,4.638520711269784
10959,4.066074861482029
10960,3.7518966424596147
10961,4.262361093757722
10962,4.0751096518090915
10963,3.5838463989210076
10964,4.471808342159518
10965,3.7103128693827916
10966,3.8985843827561197
10967,3.7844090546392586
10968,4.83468045038688
